{
  "name": "python example",
  "description": "When there is a trigger event, do action",
  "version": 3,
  "private": false,
  "concurrency": 1,
  "code": {
    "number": 0,
    "provider": "clock",
    "name": "scheduled_event",
    "as": "68e70a83",
    "title": null,
    "description": "<span class=\"provider\">Trigger</span> on a <span class=\"provider\">specified schedule</span>",
    "keyword": "trigger",
    "dynamicPickListSelection": {
    },
    "toggleCfg": {
    },
    "input": {
      "time_unit": "minutes",
      "trigger_every": "5"
    },
    "extended_input_schema": [
      {
        "control_type": "integer",
        "default": "5",
        "enforce_template_mode": true,
        "extends_schema": true,
        "hint": "Define repeating schedule. Enter whole numbers only.\n                        This field can be set to a minimum of 5 minutes.",
        "label": "Trigger every",
        "name": "trigger_every",
        "optional": false,
        "suffix": {
          "text": "minutes"
        },
        "type": "string"
      },
      {
        "control_type": "date_time",
        "enforce_template_mode": true,
        "extends_schema": true,
        "hint": "Set date and time to start or leave blank to start immediately. <b>Once recipe has been run or tested, value cannot be changed.</b>",
        "label": "Start after",
        "name": "start_after",
        "optional": true,
        "since_field": true,
        "type": "date_time",
        "parse_output": "date_time_conversion",
        "render_input": "date_time_conversion"
      }
    ],
    "block": [
      {
        "number": 1,
        "provider": "py_eval",
        "name": "invoke_custom_py_code",
        "as": "1a4b6f40",
        "title": null,
        "description": "Execute <span class=\"provider\">Python</span> code: <span class=\"provider\">python test</span>",
        "keyword": "action",
        "dynamicPickListSelection": {
        },
        "toggleCfg": {
        },
        "input": {
          "code": "def main(input):\n  # # Access the values of the action's Input fields\n  name = input['name']    \n  # Pass shape and dimension values to Output fields\n  return {\"result\": name}",
          "name": "python test",
          "code_input": {
            "schema": "[{\"name\":\"name\",\"type\":\"string\",\"optional\":true,\"label\":\"name\",\"control_type\":\"text\"}]",
            "data": {
              "name": "Rajesh"
            }
          },
          "code_output_schema_json": "[{\"name\":\"result\",\"type\":\"string\",\"optional\":false,\"control_type\":\"text\",\"label\":\"Result\"}]"
        },
        "extended_output_schema": [
          {
            "label": "Output",
            "name": "output",
            "properties": [
              {
                "control_type": "text",
                "label": "Result",
                "name": "result",
                "type": "string",
                "optional": false
              }
            ],
            "type": "object"
          }
        ],
        "extended_input_schema": [
          {
            "control_type": "form-schema-builder",
            "hint": "Define the input fields that will be passed to your Python code",
            "label": "Input fields",
            "name": "code_input",
            "optional": true,
            "override": true,
            "properties": [
              {
                "control_type": "text",
                "label": "Schema",
                "extends_schema": true,
                "type": "string",
                "name": "schema"
              },
              {
                "properties": [
                  {
                    "control_type": "text",
                    "label": "name",
                    "name": "name",
                    "type": "string",
                    "optional": true
                  }
                ],
                "label": "Data",
                "type": "object",
                "name": "data"
              }
            ],
            "sticky": true,
            "type": "object"
          }
        ],
        "visible_config_fields": [
          "name",
          "code_input",
          "code_output_schema_json",
          "code",
          "code_input.data.name"
        ],
        "uuid": "d84c322c-e04b-453b-b792-b786ce018a68"
      },
      {
        "number": 2,
        "provider": "logger",
        "name": "log_message",
        "as": "6adcbd15",
        "title": null,
        "description": "Log <span class=\"provider\">message</span> to <span class=\"provider\">Job report</span>",
        "keyword": "action",
        "dynamicPickListSelection": {
        },
        "toggleCfg": {
        },
        "input": {
          "message": "#{_('data.py_eval.1a4b6f40.output.result')}"
        },
        "uuid": "aef0f5bc-75f4-414d-9146-bc443ebb7708"
      }
    ],
    "uuid": "0d0a46ab-8b8f-47a1-9884-d6f0fe05d96b"
  },
  "config": [
    {
      "keyword": "application",
      "provider": "clock",
      "skip_validation": false,
      "account_id": null
    },
    {
      "keyword": "application",
      "provider": "py_eval",
      "skip_validation": false,
      "account_id": null
    },
    {
      "keyword": "application",
      "provider": "logger",
      "skip_validation": false,
      "account_id": null
    }
  ]
}